<?xml version="1.0" encoding="UTF-8"?>
<metadata xml:lang="en"><Esri><CreaDate>20240130</CreaDate><CreaTime>15275900</CreaTime><ArcGISFormat>1.0</ArcGISFormat><SyncOnce>TRUE</SyncOnce><DataProperties><lineage><Process ToolSource="c:\program files (x86)\arcgis\desktop10.8\ArcToolbox\Toolboxes\Spatial Analyst Tools.tbx\RasterCalculator" Date="20240130" Time="152759">RasterCalculator "extracted_powerline_idw_meter.tif"-"man_rmbuild.tif" F:\YIFAN\Paper\PowerLine_Rescue_Paper\Analysis\powerlin_heights_aboground_bareearth.tif</Process></lineage></DataProperties></Esri></metadata>
