OID_,FacilityID,FacilityRank,Name,IncidentCurbApproach,FacilityCurbApproach,IncidentID,StartTime,EndTime,StartTimeUTC,EndTimeUTC,Total_Minutes,Total_TravelTime,Total_Miles,Total_Kilometers,Total_TimeAt1KPH,Total_WalkTime,Total_TruckMinutes,Total_TruckTravelTime,Shape_Length
1,1,1,Thomas J Kavanaugh VFW Post - Location 7,1,2,7,,,,,,,,0.375118259380447,,4.501313389786462,,,0.004180112736281
2,1,1,Thomas J Kavanaugh VFW Post - Location 9,2,2,9,,,,,,,,0.904223071067097,,10.850770734586979,,,0.009304606980640
3,1,1,Thomas J Kavanaugh VFW Post - Location 10,1,1,10,,,,,,,,1.695324116426750,,20.344293306396590,,,0.018357510424612
4,1,1,Thomas J Kavanaugh VFW Post - Location 11,2,1,11,,,,,,,,1.548760891416636,,18.585720345800674,,,0.016986635008972
5,1,1,Thomas J Kavanaugh VFW Post - Location 12,2,1,12,,,,,,,,1.919977697052365,,23.040389826359561,,,0.020206008687956
6,1,1,Thomas J Kavanaugh VFW Post - Location 13,1,1,13,,,,,,,,0.359909630403708,,4.319048523489372,,,0.003436938827811
7,1,1,Thomas J Kavanaugh VFW Post - Location 14,2,1,14,,,,,,,,0.587689515536705,,7.052207047768579,,,0.005843753297099
8,1,1,Thomas J Kavanaugh VFW Post - Location 16,2,1,16,,,,,,,,0.984010515634662,,11.808103830973444,,,0.010403641525806
9,1,1,Thomas J Kavanaugh VFW Post - Location 23,2,2,23,,,,,,,,0.542623101899215,,6.510943387540362,,,0.005565728195056
10,1,1,Thomas J Kavanaugh VFW Post - Location 25,1,2,25,,,,,,,,0.370661520621506,,4.447902832998043,,,0.004096909233211
11,1,1,Thomas J Kavanaugh VFW Post - Location 27,1,2,27,,,,,,,,0.433570199729652,,5.202387684841757,,,0.004255192331476
12,1,1,Thomas J Kavanaugh VFW Post - Location 28,1,2,28,,,,,,,,0.215077250098720,,2.581007928255159,,,0.002357529313429
13,1,1,Thomas J Kavanaugh VFW Post - Location 29,1,1,29,,,,,,,,6.110604033885179,,73.326409613573134,,,0.064954075505757
14,1,1,Thomas J Kavanaugh VFW Post - Location 30,1,2,30,,,,,,,,0.133808400205796,,1.605725351107665,,,0.001411749482722
15,1,1,Thomas J Kavanaugh VFW Post - Location 31,2,1,31,,,,,,,,1.901282267519623,,22.816246585449672,,,0.019869846967799
16,1,1,Thomas J Kavanaugh VFW Post - Location 32,2,1,32,,,,,,,,6.063042351736029,,72.755692529996892,,,0.064412499725169
17,1,1,Thomas J Kavanaugh VFW Post - Location 33,2,1,33,,,,,,,,0.679822953847855,,8.157973646426434,,,0.007027311535538
18,1,1,Thomas J Kavanaugh VFW Post - Location 34,1,1,34,,,,,,,,1.882411287491289,,22.589505825996273,,,0.019359934590967
19,1,1,Thomas J Kavanaugh VFW Post - Location 36,1,1,36,,,,,,,,1.751726989378086,,21.021207234185898,,,0.017444104143537
20,1,1,Thomas J Kavanaugh VFW Post - Location 37,1,1,37,,,,,,,,5.246059733970928,,62.951870353995325,,,0.055658246967849
21,1,1,Thomas J Kavanaugh VFW Post - Location 48,1,2,48,,,,,,,,0.749894525592339,,8.998877739725254,,,0.007789409996787
22,1,1,Thomas J Kavanaugh VFW Post - Location 49,1,2,49,,,,,,,,0.728484080509973,,8.741945596757450,,,0.007528053173046
23,1,1,Thomas J Kavanaugh VFW Post - Location 52,1,1,52,,,,,,,,1.904270627546202,,22.851696390579889,,,0.020277536820697
24,1,1,Thomas J Kavanaugh VFW Post - Location 55,1,2,55,,,,,,,,0.427638929059963,,5.131373002511182,,,0.004028363682821
25,1,1,Thomas J Kavanaugh VFW Post - Location 56,1,1,56,,,,,,,,1.547092390022909,,18.565695974929355,,,0.016970977591393
26,1,1,Thomas J Kavanaugh VFW Post - Location 57,1,1,57,,,,,,,,1.914117713173686,,22.970273365626021,,,0.019987659054437
27,1,1,Thomas J Kavanaugh VFW Post - Location 58,1,1,58,,,,,,,,0.804222022748812,,9.650783444882238,,,0.008387791213474
28,1,1,Thomas J Kavanaugh VFW Post - Location 60,2,1,60,,,,,,,,1.763608750614822,,21.163769411290403,,,0.017584091668740
29,1,1,Thomas J Kavanaugh VFW Post - Location 61,1,1,61,,,,,,,,5.420857055721307,,65.049086598008998,,,0.057778522238143
30,1,1,Thomas J Kavanaugh VFW Post - Location 66,1,2,66,,,,,,,,1.114827369178853,,13.377991739434471,,,0.012128950503849
31,1,1,Thomas J Kavanaugh VFW Post - Location 69,2,2,69,,,,,,,,0.932152855517157,,11.185961478130018,,,0.009718296946684
32,1,1,Thomas J Kavanaugh VFW Post - Location 73,2,1,73,,,,,,,,1.967951685077119,,23.615905450417607,,,0.020928327764412
33,1,1,Thomas J Kavanaugh VFW Post - Location 75,1,2,75,,,,,,,,0.484057295235317,,5.808182515643342,,,0.004888565387859
34,1,1,Thomas J Kavanaugh VFW Post - Location 76,1,2,76,,,,,,,,0.540905855714143,,6.490413718919125,,,0.005414497976370
35,1,1,Thomas J Kavanaugh VFW Post - Location 77,2,2,77,,,,,,,,0.459346278081546,,5.511879330850662,,,0.004322112737589
36,1,1,Thomas J Kavanaugh VFW Post - Location 78,1,2,78,,,,,,,,0.225577053922552,,2.706863938817094,,,0.002447471747070
37,1,1,Thomas J Kavanaugh VFW Post - Location 79,1,1,79,,,,,,,,9.826452117316148,,117.919313658897238,,,0.099922416342461
38,1,1,Thomas J Kavanaugh VFW Post - Location 80,1,1,80,,,,,,,,0.424601359019251,,5.095357291900374,,,0.004038218156404
39,1,1,Thomas J Kavanaugh VFW Post - Location 81,1,1,81,,,,,,,,0.597743309467765,,7.173041783925678,,,0.006145186771180
40,1,1,Thomas J Kavanaugh VFW Post - Location 82,1,1,82,,,,,,,,1.863803092061035,,22.365565256466038,,,0.018826017587795
41,1,1,Thomas J Kavanaugh VFW Post - Location 85,1,1,85,,,,,,,,1.662055103181957,,19.944909480720170,,,0.016368882360121
42,1,1,Thomas J Kavanaugh VFW Post - Location 87,2,1,87,,,,,,,,5.405730334615274,,64.867589626491764,,,0.057641991275048
43,1,1,Thomas J Kavanaugh VFW Post - Location 95,1,2,95,,,,,,,,1.027421151835339,,12.329061064147302,,,0.011178264787482
44,1,1,Thomas J Kavanaugh VFW Post - Location 97,1,2,97,,,,,,,,0.898081179358771,,10.777119657782114,,,0.009370315507341
45,1,1,Thomas J Kavanaugh VFW Post - Location 99,2,1,99,,,,,,,,1.540906705686953,,18.491459035300945,,,0.016912096954014
46,1,1,Thomas J Kavanaugh VFW Post - Location 100,1,2,100,,,,,,,,0.320833224789793,,3.849600914659727,,,0.003095107269479
47,1,1,Thomas J Kavanaugh VFW Post - Location 101,1,2,101,,,,,,,,0.417777545643655,,5.013030759722820,,,0.003936979483216
48,1,1,Thomas J Kavanaugh VFW Post - Location 102,1,1,102,,,,,,,,9.600636538915930,,115.209716493631333,,,0.097790106634500
49,1,1,Thomas J Kavanaugh VFW Post - Location 103,2,1,103,,,,,,,,1.848124815586831,,22.178025674792799,,,0.019052561532323
50,1,1,Thomas J Kavanaugh VFW Post - Location 104,2,1,104,,,,,,,,0.615522125491381,,7.386378804670234,,,0.006327404788109
51,1,1,Thomas J Kavanaugh VFW Post - Location 105,2,1,105,,,,,,,,1.821576574639397,,21.859720109545108,,,0.018651353322918
52,1,1,Thomas J Kavanaugh VFW Post - Location 106,1,1,106,,,,,,,,0.728415944798731,,8.741094706067040,,,0.007554214215673
53,1,1,Thomas J Kavanaugh VFW Post - Location 107,1,1,107,,,,,,,,5.195723444061583,,62.347964044981858,,,0.054711621995450
54,1,1,Thomas J Kavanaugh VFW Post - Location 108,2,1,108,,,,,,,,5.377087130256527,,64.523916016776781,,,0.057383461180171
55,1,1,Thomas J Kavanaugh VFW Post - Location 115,2,2,115,,,,,,,,1.062416526812656,,12.748980011204996,,,0.011598158838327
56,1,1,Thomas J Kavanaugh VFW Post - Location 116,2,2,116,,,,,,,,1.031498582547422,,12.377995197600315,,,0.011222132779977
57,1,1,Thomas J Kavanaugh VFW Post - Location 120,2,2,120,,,,,,,,1.125856454151549,,13.510379186775866,,,0.011440089895090
58,1,1,Thomas J Kavanaugh VFW Post - Location 123,1,2,123,,,,,,,,0.432599321033310,,5.191209719375991,,,0.004719738143961
59,1,1,Thomas J Kavanaugh VFW Post - Location 125,1,2,125,,,,,,,,0.904223071067097,,10.850770734586979,,,0.009304606980640
60,1,1,Thomas J Kavanaugh VFW Post - Location 126,2,1,126,,,,,,,,1.655657178008096,,19.868298123401843,,,0.018083802484622
61,1,1,Thomas J Kavanaugh VFW Post - Location 127,2,1,127,,,,,,,,10.300300801479960,,123.605720652231014,,,0.104773279805802
62,1,1,Thomas J Kavanaugh VFW Post - Location 128,2,2,128,,,,,,,,0.393764978801446,,4.724866219795002,,,0.003714456383884
63,1,1,Thomas J Kavanaugh VFW Post - Location 129,1,2,129,,,,,,,,0.459346278081546,,5.511879330850662,,,0.004322112737589
64,1,1,Thomas J Kavanaugh VFW Post - Location 130,1,2,130,,,,,,,,0.182122808016769,,2.185532375547142,,,0.001974011225881
65,1,1,Thomas J Kavanaugh VFW Post - Location 131,2,1,131,,,,,,,,1.929417235862923,,23.153671848251008,,,0.020292723938227
66,1,1,Thomas J Kavanaugh VFW Post - Location 132,2,1,132,,,,,,,,1.548760891416636,,18.585720345800674,,,0.016986635008972
67,1,1,Thomas J Kavanaugh VFW Post - Location 133,2,1,133,,,,,,,,1.515536501792163,,18.186980792861316,,,0.016674848817975
68,1,1,Thomas J Kavanaugh VFW Post - Location 134,1,1,134,,,,,,,,1.926898305936279,,23.123641904983604,,,0.020104967069768
69,1,1,Thomas J Kavanaugh VFW Post - Location 135,2,1,135,,,,,,,,0.399671109463551,,4.796191204628529,,,0.003806503875064
70,1,1,Thomas J Kavanaugh VFW Post - Location 137,1,1,137,,,,,,,,1.728965089534845,,20.747799512943658,,,0.017193911518876
71,1,1,Thomas J Kavanaugh VFW Post - Location 138,2,1,138,,,,,,,,5.222233777016070,,62.665986740300227,,,0.055231683269046
72,1,1,Thomas J Kavanaugh VFW Post - Location 144,1,1,144,,,,,,,,0.370255170510272,,4.443196288134879,,,0.003533096039996
73,1,1,Thomas J Kavanaugh VFW Post - Location 145,1,1,145,,,,,,,,1.821576574639397,,21.859720109545108,,,0.018651353322918
74,1,1,Thomas J Kavanaugh VFW Post - Location 149,1,2,149,,,,,,,,0.967620551373644,,11.611585614803284,,,0.010098042389679
75,1,1,Thomas J Kavanaugh VFW Post - Location 152,1,1,152,,,,,,,,1.902239928844965,,22.827164123157228,,,0.020392237793621
76,1,1,Thomas J Kavanaugh VFW Post - Location 153,1,2,153,,,,,,,,0.395450473611561,,4.745390180589055,,,0.004285147904261
77,1,1,Thomas J Kavanaugh VFW Post - Location 155,1,1,155,,,,,,,,1.794252931664627,,21.531428585859985,,,0.019266566028795
78,1,1,Thomas J Kavanaugh VFW Post - Location 157,1,1,157,,,,,,,,5.820746840024793,,69.848113893261726,,,0.061707336961891
79,1,1,Thomas J Kavanaugh VFW Post - Location 158,2,2,158,,,,,,,,0.260389677722154,,3.124345663487540,,,0.002477605922505
80,1,1,Thomas J Kavanaugh VFW Post - Location 159,2,1,159,,,,,,,,1.856889737401219,,22.283199089367500,,,0.019133399515689
81,1,1,Thomas J Kavanaugh VFW Post - Location 173,2,2,173,,,,,,,,0.757041202358751,,9.084603764202674,,,0.007793090045438
82,1,1,Thomas J Kavanaugh VFW Post - Location 174,2,2,174,,,,,,,,0.841495480669653,,10.097897712981649,,,0.009108505681745
83,1,1,Thomas J Kavanaugh VFW Post - Location 175,2,2,175,,,,,,,,0.745385731336669,,8.944749252172837,,,0.007684916221298
84,1,1,Thomas J Kavanaugh VFW Post - Location 177,1,2,177,,,,,,,,0.498969579662064,,5.987142645193848,,,0.005026526150345
85,1,1,Thomas J Kavanaugh VFW Post - Location 178,2,2,178,,,,,,,,0.262422215527875,,3.149185090785752,,,0.002833098370417
86,1,1,Thomas J Kavanaugh VFW Post - Location 179,2,1,179,,,,,,,,1.655657178008096,,19.868298123401843,,,0.018083802484622
87,1,1,Thomas J Kavanaugh VFW Post - Location 180,2,2,180,,,,,,,,0.402368063617455,,4.827923907728767,,,0.004038788382135
88,1,1,Thomas J Kavanaugh VFW Post - Location 182,1,2,182,,,,,,,,0.262422215527875,,3.149185090785752,,,0.002833098370417
89,1,1,Thomas J Kavanaugh VFW Post - Location 184,2,2,184,,,,,,,,0.426885654019833,,5.122173136323939,,,0.004192977902366
90,1,1,Thomas J Kavanaugh VFW Post - Location 185,1,1,185,,,,,,,,9.625971507465001,,115.513668602334704,,,0.097981991798087
91,1,1,Thomas J Kavanaugh VFW Post - Location 186,1,2,186,,,,,,,,0.393094897237656,,4.716824857669389,,,0.003708246832470
92,1,1,Thomas J Kavanaugh VFW Post - Location 187,2,1,187,,,,,,,,0.590998708709526,,7.091865678532779,,,0.005881514964540
93,1,1,Thomas J Kavanaugh VFW Post - Location 188,1,1,188,,,,,,,,1.793524937703026,,21.522607677583871,,,0.017989118808033
94,1,1,Thomas J Kavanaugh VFW Post - Location 196,2,2,196,,,,,,,,0.495833186429650,,5.950099483218115,,,0.005185091558438
95,1,1,Thomas J Kavanaugh VFW Post - Location 198,1,2,198,,,,,,,,0.893087781407348,,10.717149114938325,,,0.009177152405737
96,1,1,Thomas J Kavanaugh VFW Post - Location 199,1,1,199,,,,,,,,1.901096396471202,,22.813443946177077,,,0.020378854498772
97,1,1,Thomas J Kavanaugh VFW Post - Location 202,1,2,202,,,,,,,,0.373608943116550,,4.482982260113638,,,0.003527671976723
98,1,1,Thomas J Kavanaugh VFW Post - Location 203,2,1,203,,,,,,,,1.926898305936279,,23.123641904983604,,,0.020104967069768
99,1,1,Thomas J Kavanaugh VFW Post - Location 204,2,1,204,,,,,,,,0.535286395509212,,6.423369607438665,,,0.005246089020576
100,1,1,Thomas J Kavanaugh VFW Post - Location 206,1,1,206,,,,,,,,1.790179101315018,,21.482450965942462,,,0.017958940578929
101,1,1,Thomas J Kavanaugh VFW Post - Location 208,2,1,208,,,,,,,,5.227462141329531,,62.728840739899681,,,0.055085825496461
102,1,1,Thomas J Kavanaugh VFW Post - Location 216,1,2,216,,,,,,,,0.891878505471769,,10.702657831216410,,,0.009100246144755
103,1,1,Thomas J Kavanaugh VFW Post - Location 217,2,2,217,,,,,,,,0.281766942955601,,3.381275953889460,,,0.003011079845822
104,1,1,Thomas J Kavanaugh VFW Post - Location 218,1,2,218,,,,,,,,0.180494750928917,,2.165979735756383,,,0.001903779609731
105,1,1,Thomas J Kavanaugh VFW Post - Location 219,2,2,219,,,,,,,,0.203517346565682,,2.442234136771041,,,0.002112266499973
106,1,1,Thomas J Kavanaugh VFW Post - Location 220,1,1,220,,,,,,,,0.383933584488468,,4.607338952683778,,,0.003660231013777
107,1,1,Thomas J Kavanaugh VFW Post - Location 221,1,1,221,,,,,,,,1.888373155320012,,22.661084537356018,,,0.019525406976956
108,1,1,Thomas J Kavanaugh VFW Post - Location 228,1,2,228,,,,,,,,1.418247725239820,,17.018706303528788,,,0.015598137161257
109,1,1,Thomas J Kavanaugh VFW Post - Location 233,1,2,233,,,,,,,,0.459346278081546,,5.511879330850662,,,0.004322112737589
110,1,1,Thomas J Kavanaugh VFW Post - Location 234,2,1,234,,,,,,,,0.557134489688902,,6.685524131657250,,,0.005495278496828
111,1,1,Thomas J Kavanaugh VFW Post - Location 235,2,1,235,,,,,,,,1.907062325089807,,22.885573224116950,,,0.019754835050032
112,1,1,Thomas J Kavanaugh VFW Post - Location 240,1,2,240,,,,,,,,1.393575355610865,,16.722677317473064,,,0.015356675288941
113,1,1,Thomas J Kavanaugh VFW Post - Location 246,2,1,246,,,,,,,,9.786832783629606,,117.443956813553939,,,0.099497565207912
114,1,1,Thomas J Kavanaugh VFW Post - Location 247,2,2,247,,,,,,,,0.197655746254563,,2.371760435194574,,,0.002057424455608
115,1,1,Thomas J Kavanaugh VFW Post - Location 248,2,1,248,,,,,,,,5.846158170480250,,70.153070881587766,,,0.061860134295852
116,1,1,Thomas J Kavanaugh VFW Post - Location 249,1,1,249,,,,,,,,1.856889737401219,,22.283199089367500,,,0.019133399515689
117,1,1,Thomas J Kavanaugh VFW Post - Location 250,2,1,250,,,,,,,,0.616239508126322,,7.394806958843986,,,0.006169217065865
118,1,1,Thomas J Kavanaugh VFW Post - Location 251,1,1,251,,,,,,,,0.580638207106773,,6.967780555593774,,,0.005950596716167
119,1,1,Thomas J Kavanaugh VFW Post - Location 252,2,1,252,,,,,,,,1.895131162006343,,22.742140267648210,,,0.019476696290637
120,1,1,Thomas J Kavanaugh VFW Post - Location 253,1,1,253,,,,,,,,1.901168196017031,,22.814631755524690,,,0.019674190340131
121,1,1,Thomas J Kavanaugh VFW Post - Location 262,1,2,262,,,,,,,,1.175508949761416,,14.106213689106117,,,0.012753361475787
122,1,1,Thomas J Kavanaugh VFW Post - Location 263,1,1,263,,,,,,,,5.290487941380158,,63.484979442069715,,,0.056239617711024
123,1,1,Thomas J Kavanaugh VFW Post - Location 266,2,2,266,,,,,,,,0.895790844817066,,10.749605350672093,,,0.009142767213438
124,1,1,Thomas J Kavanaugh VFW Post - Location 267,1,2,267,,,,,,,,0.927135929845732,,11.125744235106104,,,0.009395636034016
125,1,1,Thomas J Kavanaugh VFW Post - Location 269,1,2,269,,,,,,,,0.349812420785153,,4.197739503476736,,,0.003823095519127
126,1,1,Thomas J Kavanaugh VFW Post - Location 270,2,2,270,,,,,,,,0.262422215527875,,3.149185090785752,,,0.002833098370417
127,1,1,Thomas J Kavanaugh VFW Post - Location 272,2,2,272,,,,,,,,0.301078724574637,,3.612893103826590,,,0.003281402011431
128,1,1,Thomas J Kavanaugh VFW Post - Location 273,2,2,273,,,,,,,,0.346749905924135,,4.160658447490168,,,0.003278771589005
129,1,1,Thomas J Kavanaugh VFW Post - Location 274,2,2,274,,,,,,,,0.368556462730913,,4.422349604913190,,,0.003480850798566
130,1,1,Thomas J Kavanaugh VFW Post - Location 275,1,1,275,,,,,,,,9.896614613445449,,118.761316727887234,,,0.100655876981923
131,1,1,Thomas J Kavanaugh VFW Post - Location 276,2,2,276,,,,,,,,0.188213503838269,,2.258624837267297,,,0.002044893629345
132,1,1,Thomas J Kavanaugh VFW Post - Location 277,1,2,277,,,,,,,,0.224190607811388,,2.690330018346029,,,0.002310467014625
133,1,1,Thomas J Kavanaugh VFW Post - Location 278,1,2,278,,,,,,,,0.205849895682341,,2.470241472797471,,,0.002139766168898
134,1,1,Thomas J Kavanaugh VFW Post - Location 279,2,1,279,,,,,,,,1.910407861661982,,22.925720019602533,,,0.019785517545364
135,1,1,Thomas J Kavanaugh VFW Post - Location 282,1,1,282,,,,,,,,1.856889737401219,,22.283199089367500,,,0.019133399515689
136,1,1,Thomas J Kavanaugh VFW Post - Location 285,2,1,285,,,,,,,,1.041255639864332,,12.495020494514492,,,0.011045601018296
137,1,1,Thomas J Kavanaugh VFW Post - Location 289,2,2,289,,,,,,,,0.841495480669653,,10.097897712981649,,,0.009108505681745
138,1,1,Thomas J Kavanaugh VFW Post - Location 292,1,2,292,,,,,,,,0.391739146353858,,4.700916019586477,,,0.004211874633733
139,1,1,Thomas J Kavanaugh VFW Post - Location 294,1,1,294,,,,,,,,9.952738634195555,,119.434913289071304,,,0.101211252309465
140,1,1,Thomas J Kavanaugh VFW Post - Location 295,1,2,295,,,,,,,,0.291428188228438,,3.497056722742034,,,0.003098353437055
141,1,1,Thomas J Kavanaugh VFW Post - Location 296,1,2,296,,,,,,,,0.459346278081546,,5.511879330850662,,,0.004322112737589
142,1,1,Thomas J Kavanaugh VFW Post - Location 297,2,1,297,,,,,,,,0.454726205058305,,5.456859181363417,,,0.004318214391098
143,1,1,Thomas J Kavanaugh VFW Post - Location 298,1,1,298,,,,,,,,1.926898305936279,,23.123641904983604,,,0.020104967069768
144,1,1,Thomas J Kavanaugh VFW Post - Location 299,2,1,299,,,,,,,,6.016810265766238,,72.200929954746030,,,0.063885887826831
145,1,1,Thomas J Kavanaugh VFW Post - Location 310,1,2,310,,,,,,,,1.126134948314484,,13.513708207493783,,,0.012121237869781
146,1,1,Thomas J Kavanaugh VFW Post - Location 312,1,2,312,,,,,,,,0.815086447220891,,9.781124426084659,,,0.008341965208363
147,1,1,Thomas J Kavanaugh VFW Post - Location 314,2,2,314,,,,,,,,0.263100274479472,,3.157227195651452,,,0.002916356143840
148,1,1,Thomas J Kavanaugh VFW Post - Location 315,2,2,315,,,,,,,,0.247212698207301,,2.966609572908721,,,0.002731486920273
149,1,1,Thomas J Kavanaugh VFW Post - Location 316,2,2,316,,,,,,,,0.251812997508961,,3.021839728323922,,,0.002734842074418
150,1,1,Thomas J Kavanaugh VFW Post - Location 317,2,1,317,,,,,,,,0.472713646610248,,5.672710711333179,,,0.004485398837801
151,1,1,Thomas J Kavanaugh VFW Post - Location 318,2,2,318,,,,,,,,0.204014348153933,,2.447938173828417,,,0.001953829327757
152,1,1,Thomas J Kavanaugh VFW Post - Location 319,2,2,319,,,,,,,,0.130545110049552,,1.566563466073369,,,0.001373773255037
153,1,1,Thomas J Kavanaugh VFW Post - Location 320,1,2,320,,,,,,,,0.412108330693882,,4.945299428843992,,,0.004480021539274
154,1,1,Thomas J Kavanaugh VFW Post - Location 322,1,2,322,,,,,,,,0.334064441499165,,4.008360107641806,,,0.003248245142692
155,1,1,Thomas J Kavanaugh VFW Post - Location 323,2,1,323,,,,,,,,9.716120594379829,,116.595388050526708,,,0.098824431275586
156,1,1,Thomas J Kavanaugh VFW Post - Location 324,2,1,324,,,,,,,,9.809271136788343,,117.713161255310808,,,0.099736867052580
157,1,1,Thomas J Kavanaugh VFW Post - Location 325,2,2,325,,,,,,,,0.166565994384635,,1.998635650185186,,,0.001605905824060
158,1,1,Thomas J Kavanaugh VFW Post - Location 326,2,1,326,,,,,,,,1.878545911103751,,22.543122540847651,,,0.019324452130476
159,1,1,Thomas J Kavanaugh VFW Post - Location 327,1,1,327,,,,,,,,1.901168196017031,,22.814631755524690,,,0.019674190340131
160,1,1,Thomas J Kavanaugh VFW Post - Location 328,2,1,328,,,,,,,,0.573632341910017,,6.883520964248332,,,0.005683429359651
161,1,1,Thomas J Kavanaugh VFW Post - Location 330,1,1,330,,,,,,,,1.720883285326602,,20.650815231006661,,,0.017121107621006
162,1,1,Thomas J Kavanaugh VFW Post - Location 337,2,2,337,,,,,,,,1.259430082477069,,15.113277564571302,,,0.013617564034972
163,1,1,Thomas J Kavanaugh VFW Post - Location 344,1,2,344,,,,,,,,0.396677230897709,,4.760018036438304,,,0.004432393928584
164,1,1,Thomas J Kavanaugh VFW Post - Location 345,1,2,345,,,,,,,,0.408422473507888,,4.901138152858676,,,0.004366575735935
165,1,1,Thomas J Kavanaugh VFW Post - Location 347,2,2,347,,,,,,,,0.447957566250949,,5.375208273291507,,,0.004216655015250
166,1,1,Thomas J Kavanaugh VFW Post - Location 348,2,2,348,,,,,,,,0.306267518251778,,3.675275965830773,,,0.003237595061027
167,1,1,Thomas J Kavanaugh VFW Post - Location 349,2,1,349,,,,,,,,9.982701904638180,,119.794522461609645,,,0.101493451715111
168,1,1,Thomas J Kavanaugh VFW Post - Location 350,2,1,350,,,,,,,,6.038854441133211,,72.465449351596405,,,0.064136263431379
169,1,1,Thomas J Kavanaugh VFW Post - Location 357,1,2,357,,,,,,,,1.423750233783029,,17.084727607899051,,,0.015651988809297
170,1,1,Thomas J Kavanaugh VFW Post - Location 358,1,2,358,,,,,,,,1.360605186258762,,16.327752561910636,,,0.014934905014299
171,1,1,Thomas J Kavanaugh VFW Post - Location 362,1,2,362,,,,,,,,0.966060395366802,,11.592672176399159,,,0.010038726753752
172,1,1,Thomas J Kavanaugh VFW Post - Location 364,2,2,364,,,,,,,,0.961467381704916,,11.537560831807568,,,0.009985039009415
173,1,1,Thomas J Kavanaugh VFW Post - Location 365,1,2,365,,,,,,,,0.907671980777503,,10.892203082199039,,,0.009468266572268
174,1,1,Thomas J Kavanaugh VFW Post - Location 369,1,2,369,,,,,,,,0.460178455331396,,5.521616074149196,,,0.004667652162217
175,1,1,Thomas J Kavanaugh VFW Post - Location 371,2,2,371,,,,,,,,0.503064541192534,,6.036285675532167,,,0.005064410238009
176,1,1,Thomas J Kavanaugh VFW Post - Location 374,2,2,374,,,,,,,,0.394106268067228,,4.728792013964564,,,0.003943166898383
177,1,1,Thomas J Kavanaugh VFW Post - Location 375,2,1,375,,,,,,,,10.035745097989906,,120.430991454297470,,,0.102076822672260
178,1,1,Thomas J Kavanaugh VFW Post - Location 379,2,1,379,,,,,,,,0.372338233588876,,4.468193303482598,,,0.003552457698621
179,1,1,Thomas J Kavanaugh VFW Post - Location 380,1,1,380,,,,,,,,9.547053963662520,,114.566874900718091,,,0.097338752696340
180,1,1,Thomas J Kavanaugh VFW Post - Location 381,2,2,381,,,,,,,,1.374662857660164,,16.495778468474608,,,0.015178864619915
181,1,1,Thomas J Kavanaugh VFW Post - Location 382,2,2,382,,,,,,,,1.282994305821835,,15.396051132038659,,,0.013860223161412
182,1,1,Thomas J Kavanaugh VFW Post - Location 383,1,2,383,,,,,,,,0.839032268017732,,10.068259303533424,,,0.008899904334751
183,1,1,Thomas J Kavanaugh VFW Post - Location 387,1,2,387,,,,,,,,0.515059089339218,,6.180230481626403,,,0.005175378037901
184,1,1,Thomas J Kavanaugh VFW Post - Location 388,2,1,388,,,,,,,,1.548760891416636,,18.585720345800674,,,0.016986635008972
185,1,1,Thomas J Kavanaugh VFW Post - Location 389,1,1,389,,,,,,,,1.901168196017031,,22.814631755524690,,,0.019674190340131
186,1,1,Thomas J Kavanaugh VFW Post - Location 391,1,1,391,,,,,,,,1.773882701723538,,21.287083078400247,,,0.017705139878717
187,1,1,Thomas J Kavanaugh VFW Post - Location 401,1,2,401,,,,,,,,0.529877456275699,,6.358063521205707,,,0.005312469537459
188,1,1,Thomas J Kavanaugh VFW Post - Location 403,1,2,403,,,,,,,,0.540905855714143,,6.490413718919125,,,0.005414497976370
189,1,1,Thomas J Kavanaugh VFW Post - Location 408,2,2,408,,,,,,,,0.540905855714143,,6.490413718919125,,,0.005414497976370
190,1,1,Thomas J Kavanaugh VFW Post - Location 409,2,2,409,,,,,,,,0.435570075465184,,5.226551296859252,,,0.004101861535328
191,1,1,Thomas J Kavanaugh VFW Post - Location 410,1,2,410,,,,,,,,0.446754750582172,,5.360602295071996,,,0.004377904081267
192,1,1,Thomas J Kavanaugh VFW Post - Location 411,1,2,411,,,,,,,,0.198009246838101,,2.376180366425110,,,0.002158894515706
193,1,1,Thomas J Kavanaugh VFW Post - Location 412,1,1,412,,,,,,,,9.555480795402175,,114.667915153234347,,,0.097326000409616
194,1,1,Thomas J Kavanaugh VFW Post - Location 413,1,1,413,,,,,,,,1.910407861661982,,22.925720019602533,,,0.019785517545364
195,1,1,Thomas J Kavanaugh VFW Post - Location 414,2,1,414,,,,,,,,0.547600743133700,,6.571127360233080,,,0.005386541765940
196,1,1,Thomas J Kavanaugh VFW Post - Location 415,1,1,415,,,,,,,,1.902396295456500,,22.829580371139031,,,0.019712041932209
197,1,1,Thomas J Kavanaugh VFW Post - Location 416,2,1,416,,,,,,,,0.810865949776312,,9.730252829332347,,,0.008600449023377
198,1,1,Thomas J Kavanaugh VFW Post - Location 428,2,2,428,,,,,,,,0.381134630840611,,4.573509006886369,,,0.004250515758334
199,1,1,Thomas J Kavanaugh VFW Post - Location 429,1,1,429,,,,,,,,1.902239928844965,,22.827164123157228,,,0.020392237793621
200,1,1,Thomas J Kavanaugh VFW Post - Location 430,2,2,430,,,,,,,,0.372225985007517,,4.466606501330780,,,0.004146267813418
201,1,1,Thomas J Kavanaugh VFW Post - Location 434,1,1,434,,,,,,,,1.702437247769296,,20.429650127297446,,,0.018422872564002
202,1,1,Thomas J Kavanaugh VFW Post - Location 435,1,2,435,,,,,,,,0.317374178860850,,3.808542167922403,,,0.003390943374069
203,1,1,Thomas J Kavanaugh VFW Post - Location 436,2,2,436,,,,,,,,0.431420498196416,,5.176753995620820,,,0.004063407605488
204,1,1,Thomas J Kavanaugh VFW Post - Location 437,1,1,437,,,,,,,,9.803277077222468,,117.641239295749443,,,0.099672132991794
205,1,1,Thomas J Kavanaugh VFW Post - Location 438,2,2,438,,,,,,,,0.172481602129338,,2.069831396066992,,,0.001861808374559
206,1,1,Thomas J Kavanaugh VFW Post - Location 444,1,2,444,,,,,,,,1.078867217453055,,12.946433567800739,,,0.011758711028871
207,1,1,Thomas J Kavanaugh VFW Post - Location 450,2,2,450,,,,,,,,0.359684311337653,,4.316173075097380,,,0.003968257801767
208,1,1,Thomas J Kavanaugh VFW Post - Location 451,1,2,451,,,,,,,,0.318796811774424,,3.825513132439428,,,0.003489059976126
209,1,1,Thomas J Kavanaugh VFW Post - Location 453,2,2,453,,,,,,,,0.540905855714143,,6.490413718919125,,,0.005414497976370
210,1,1,Thomas J Kavanaugh VFW Post - Location 454,2,2,454,,,,,,,,0.459346278081546,,5.511879330850662,,,0.004322112737589
211,1,1,Thomas J Kavanaugh VFW Post - Location 456,1,1,456,,,,,,,,1.497632739458424,,17.972054000095348,,,0.016588555862845
212,1,1,Thomas J Kavanaugh VFW Post - Location 457,1,1,457,,,,,,,,9.535679269747291,,114.430375182943465,,,0.097206316499752
213,1,1,Thomas J Kavanaugh VFW Post - Location 458,1,1,458,,,,,,,,1.817918360647663,,21.815823513993127,,,0.018617568711626
214,1,1,Thomas J Kavanaugh VFW Post - Location 459,2,1,459,,,,,,,,0.975500771561411,,11.705988257418989,,,0.010308202525024
215,1,1,Thomas J Kavanaugh VFW Post - Location 464,1,2,464,,,,,,,,0.790009172147031,,9.480094806975311,,,0.008474663737791
216,1,1,Thomas J Kavanaugh VFW Post - Location 466,2,2,466,,,,,,,,0.551900351735435,,6.622267890852366,,,0.005653035527666
217,1,1,Thomas J Kavanaugh VFW Post - Location 467,2,2,467,,,,,,,,0.483177050617622,,5.797597821456567,,,0.004974094949014
218,1,1,Thomas J Kavanaugh VFW Post - Location 468,2,2,468,,,,,,,,0.390249408911989,,4.682885070506928,,,0.004357176496843
219,1,1,Thomas J Kavanaugh VFW Post - Location 469,1,1,469,,,,,,,,1.796124956392543,,21.553892683839862,,,0.019283768070327
220,1,1,Thomas J Kavanaugh VFW Post - Location 470,1,2,470,,,,,,,,0.472655512177130,,5.671411434211493,,,0.004618968960760
221,1,1,Thomas J Kavanaugh VFW Post - Location 478,1,2,478,,,,,,,,1.069829614576166,,12.837881776358671,,,0.011015643348620
222,1,1,Thomas J Kavanaugh VFW Post - Location 481,1,2,481,,,,,,,,0.731617420306676,,8.779553104662041,,,0.007589735501450
223,1,1,Thomas J Kavanaugh VFW Post - Location 485,1,2,485,,,,,,,,0.360493233041706,,4.325474830266949,,,0.003554131165402
224,1,1,Thomas J Kavanaugh VFW Post - Location 487,2,2,487,,,,,,,,0.458809425215740,,5.505258390674815,,,0.004490099410670
225,1,1,Thomas J Kavanaugh VFW Post - Location 488,2,1,488,,,,,,,,0.492836745487664,,5.914190394137425,,,0.004672433174576
226,1,1,Thomas J Kavanaugh VFW Post - Location 489,2,1,489,,,,,,,,6.111221454488920,,73.333818360917320,,,0.064961121341550
227,1,1,Thomas J Kavanaugh VFW Post - Location 496,1,2,496,,,,,,,,1.271457232900516,,15.257604843342408,,,0.013741416640504
228,1,1,Thomas J Kavanaugh VFW Post - Location 499,2,2,499,,,,,,,,0.943296222078699,,11.319682943751610,,,0.009848954181394
229,1,1,Thomas J Kavanaugh VFW Post - Location 500,1,2,500,,,,,,,,0.756957379572177,,9.083633672319646,,,0.007866573792182
230,1,1,Thomas J Kavanaugh VFW Post - Location 502,2,1,502,,,,,,,,9.809306787584418,,117.713653115186560,,,0.099691175262736
231,1,1,Thomas J Kavanaugh VFW Post - Location 503,2,2,503,,,,,,,,0.456350407629374,,5.475927171458186,,,0.004294412283361
232,1,1,Thomas J Kavanaugh VFW Post - Location 504,2,2,504,,,,,,,,0.329680388677907,,3.955756578942837,,,0.003197504446443
233,1,1,Thomas J Kavanaugh VFW Post - Location 505,1,1,505,,,,,,,,9.526293185041483,,114.317712526546643,,,0.097053755128340
234,1,1,Thomas J Kavanaugh VFW Post - Location 512,1,2,512,,,,,,,,1.247378018791290,,14.968651323599579,,,0.013493454585336
235,1,1,Thomas J Kavanaugh VFW Post - Location 514,1,2,514,,,,,,,,0.983183140962990,,11.798333398292398,,,0.010649751926043
236,1,1,Thomas J Kavanaugh VFW Post - Location 516,1,2,516,,,,,,,,0.967585574791009,,11.610972729151479,,,0.010056553613125
237,1,1,Thomas J Kavanaugh VFW Post - Location 517,2,2,517,,,,,,,,0.436189612676866,,5.234296444152914,,,0.004761739575564
238,1,1,Thomas J Kavanaugh VFW Post - Location 520,1,2,520,,,,,,,,0.216659111851533,,2.599952066827766,,,0.002240370061316
239,1,1,Thomas J Kavanaugh VFW Post - Location 521,1,1,521,,,,,,,,0.555386398283271,,6.664548535987636,,,0.005475340387862
240,1,1,Thomas J Kavanaugh VFW Post - Location 522,1,1,522,,,,,,,,0.769427998592347,,9.233244414025709,,,0.008001566458302
241,1,1,Thomas J Kavanaugh VFW Post - Location 524,2,1,524,,,,,,,,1.802281683206904,,21.627706093446871,,,0.018068103613061
242,1,1,Thomas J Kavanaugh VFW Post - Location 525,2,1,525,,,,,,,,1.787671118811777,,21.452479437363174,,,0.017867586180907
243,1,1,Thomas J Kavanaugh VFW Post - Location 538,1,2,538,,,,,,,,0.916221885828896,,10.994789235313144,,,0.009293460638673
244,1,1,Thomas J Kavanaugh VFW Post - Location 539,2,2,539,,,,,,,,0.904223071067097,,10.850770734586979,,,0.009304606980640
245,1,1,Thomas J Kavanaugh VFW Post - Location 543,1,1,543,,,,,,,,5.805698660456052,,69.667553640827023,,,0.061534426281928
246,1,1,Thomas J Kavanaugh VFW Post - Location 547,1,1,547,,,,,,,,1.781285752610884,,21.375865231011804,,,0.017792356353573
247,1,1,Thomas J Kavanaugh VFW Post - Location 551,1,2,551,,,,,,,,1.294793706272443,,15.537645383229433,,,0.013981731029036
248,1,1,Thomas J Kavanaugh VFW Post - Location 552,1,2,552,,,,,,,,1.076077134793516,,12.912907306975313,,,0.011742621291333
249,1,1,Thomas J Kavanaugh VFW Post - Location 553,1,2,553,,,,,,,,1.107673341622325,,13.292150464849041,,,0.011950819474972
250,1,1,Thomas J Kavanaugh VFW Post - Location 554,2,2,554,,,,,,,,1.183227182599586,,14.198788106178286,,,0.011967245235365
251,1,1,Thomas J Kavanaugh VFW Post - Location 555,2,2,555,,,,,,,,0.852331661616773,,10.227837155525460,,,0.009054672020342
252,1,1,Thomas J Kavanaugh VFW Post - Location 557,2,2,557,,,,,,,,0.357940587714464,,4.295288326151843,,,0.003898466720326
253,1,1,Thomas J Kavanaugh VFW Post - Location 558,2,2,558,,,,,,,,0.870726237043969,,10.448814310278435,,,0.008921203349992
254,1,1,Thomas J Kavanaugh VFW Post - Location 559,1,2,559,,,,,,,,0.282957515116469,,3.395472472313630,,,0.003147415803503
255,1,1,Thomas J Kavanaugh VFW Post - Location 560,1,2,560,,,,,,,,0.283535666109580,,3.402373449490429,,,0.003075796058473
256,1,1,Thomas J Kavanaugh VFW Post - Location 562,2,2,562,,,,,,,,0.214921194796593,,2.579097062168490,,,0.002224195075354
257,1,1,Thomas J Kavanaugh VFW Post - Location 563,2,1,563,,,,,,,,1.831280580142198,,21.975905702118965,,,0.018897209074184
258,1,1,Thomas J Kavanaugh VFW Post - Location 570,2,2,570,,,,,,,,1.138163046188563,,13.657992973807595,,,0.012241657069974
259,1,1,Thomas J Kavanaugh VFW Post - Location 574,1,2,574,,,,,,,,0.801494881517830,,9.618005011444422,,,0.008228456054209
260,1,1,Thomas J Kavanaugh VFW Post - Location 575,2,2,575,,,,,,,,0.324648289859123,,3.895426410162108,,,0.003073956912799
261,1,1,Thomas J Kavanaugh VFW Post - Location 576,2,1,576,,,,,,,,0.577120641399304,,6.925380558119768,,,0.005723214130332
262,1,1,Thomas J Kavanaugh VFW Post - Location 577,2,1,577,,,,,,,,1.728965089534845,,20.747799512943658,,,0.017193911518876
263,1,1,Thomas J Kavanaugh VFW Post - Location 579,1,1,579,,,,,,,,5.408755099544940,,64.903882070203636,,,0.057669292515100
264,1,1,Thomas J Kavanaugh VFW Post - Location 586,1,2,586,,,,,,,,1.317138301140338,,15.806155660757373,,,0.014487271253116
265,1,1,Thomas J Kavanaugh VFW Post - Location 590,2,2,590,,,,,,,,0.694945036477210,,8.339292686858720,,,0.007532068382425
266,1,1,Thomas J Kavanaugh VFW Post - Location 592,1,2,592,,,,,,,,0.990813720903853,,11.889907450545754,,,0.010343483957490
267,1,1,Thomas J Kavanaugh VFW Post - Location 597,2,1,597,,,,,,,,9.900226410128823,,118.804665841412771,,,0.100692748674257
268,1,1,Thomas J Kavanaugh VFW Post - Location 598,2,2,598,,,,,,,,0.281065458468748,,3.372432722459347,,,0.002669708333656
269,1,1,Thomas J Kavanaugh VFW Post - Location 599,2,1,599,,,,,,,,0.577400823763558,,6.928702736555143,,,0.005725793904997
270,1,1,Thomas J Kavanaugh VFW Post - Location 608,1,2,608,,,,,,,,1.339795625234901,,16.078040568174867,,,0.014720602384194
271,1,1,Thomas J Kavanaugh VFW Post - Location 609,2,2,609,,,,,,,,1.113641686391728,,13.363756451490609,,,0.011996174783750
272,1,1,Thomas J Kavanaugh VFW Post - Location 610,2,2,610,,,,,,,,1.302186919476305,,15.626364847568047,,,0.014057865171606
273,1,1,Thomas J Kavanaugh VFW Post - Location 615,2,2,615,,,,,,,,0.859238035566663,,10.310705920313117,,,0.009135042847600
274,1,1,Thomas J Kavanaugh VFW Post - Location 620,1,2,620,,,,,,,,0.251582401878413,,3.019036860218532,,,0.002782332866458
275,1,1,Thomas J Kavanaugh VFW Post - Location 621,2,2,621,,,,,,,,0.450876101370151,,5.410547500916705,,,0.004933551369745
276,1,1,Thomas J Kavanaugh VFW Post - Location 622,2,2,622,,,,,,,,0.928874452516312,,11.146635141696899,,,0.009428360777045
277,1,1,Thomas J Kavanaugh VFW Post - Location 624,1,1,624,,,,,,,,9.931422560030704,,119.179084880524712,,,0.101011223298785
278,1,1,Thomas J Kavanaugh VFW Post - Location 625,2,1,625,,,,,,,,5.820746840024793,,69.848113893261726,,,0.061707336961891
279,1,1,Thomas J Kavanaugh VFW Post - Location 626,2,2,626,,,,,,,,0.247088284326571,,2.964743295471478,,,0.002354020955303
280,1,1,Thomas J Kavanaugh VFW Post - Location 628,2,2,628,,,,,,,,0.540905855714143,,6.490413718919125,,,0.005414497976370
281,1,1,Thomas J Kavanaugh VFW Post - Location 629,1,2,629,,,,,,,,0.451793453712258,,5.421241117375462,,,0.004252202247701
282,1,1,Thomas J Kavanaugh VFW Post - Location 630,1,1,630,,,,,,,,1.855749084982505,,22.269511995259936,,,0.019122879388448
283,1,1,Thomas J Kavanaugh VFW Post - Location 631,2,1,631,,,,,,,,0.604943067437622,,7.259249670579587,,,0.006040531817932
284,1,1,Thomas J Kavanaugh VFW Post - Location 632,2,1,632,,,,,,,,5.466986937922967,,65.602976800921468,,,0.057357158512368
285,1,1,Thomas J Kavanaugh VFW Post - Location 635,2,1,635,,,,,,,,5.339678627992908,,64.075353130641460,,,0.056795059162521
286,1,1,Thomas J Kavanaugh VFW Post - Location 640,1,2,640,,,,,,,,1.368765205731523,,16.424995188714249,,,0.015113864519285
287,1,1,Thomas J Kavanaugh VFW Post - Location 643,1,2,643,,,,,,,,0.927135929845732,,11.125744235106104,,,0.009395636034016
288,1,1,Thomas J Kavanaugh VFW Post - Location 644,2,1,644,,,,,,,,1.655657178008096,,19.868298123401843,,,0.018083802484622
289,1,1,Thomas J Kavanaugh VFW Post - Location 645,1,1,645,,,,,,,,10.028751285544184,,120.347079139908317,,,0.101995715784164
290,1,1,Thomas J Kavanaugh VFW Post - Location 646,1,1,646,,,,,,,,0.442083705294141,,5.305147615888317,,,0.004200708055400
291,1,1,Thomas J Kavanaugh VFW Post - Location 653,1,2,653,,,,,,,,0.738454145123333,,8.861576842784809,,,0.007620584266794
292,1,1,Thomas J Kavanaugh VFW Post - Location 654,2,2,654,,,,,,,,0.515633184391988,,6.187071635246580,,,0.005311728939592
293,1,1,Thomas J Kavanaugh VFW Post - Location 657,2,2,657,,,,,,,,0.443880741738161,,5.326284046747392,,,0.004178875625884
294,1,1,Thomas J Kavanaugh VFW Post - Location 658,1,2,658,,,,,,,,0.444868188149763,,5.338133968614242,,,0.004188026798961
295,1,1,Thomas J Kavanaugh VFW Post - Location 659,1,1,659,,,,,,,,9.579402984271706,,114.954930602485788,,,0.097549131036069
296,1,1,Thomas J Kavanaugh VFW Post - Location 660,2,2,660,,,,,,,,0.230321810534858,,2.763573122996450,,,0.002198245071063
297,1,1,Thomas J Kavanaugh VFW Post - Location 661,2,1,661,,,,,,,,1.802685891068361,,21.633042091722228,,,0.018476892246451
298,1,1,Thomas J Kavanaugh VFW Post - Location 663,2,1,663,,,,,,,,1.798817745852534,,21.586131934596214,,,0.018036859661349
299,1,1,Thomas J Kavanaugh VFW Post - Location 664,1,1,664,,,,,,,,5.167954933688663,,62.014565037449351,,,0.054794874000343
300,1,1,Thomas J Kavanaugh VFW Post - Location 670,2,2,670,,,,,,,,1.076077134793516,,12.912907306975313,,,0.011742621291333
301,1,1,Thomas J Kavanaugh VFW Post - Location 671,2,2,671,,,,,,,,1.021986840835990,,12.263966030560693,,,0.011027842923531
302,1,1,Thomas J Kavanaugh VFW Post - Location 672,2,2,672,,,,,,,,0.769390733426328,,9.232633869475313,,,0.008267700568779
303,1,1,Thomas J Kavanaugh VFW Post - Location 673,1,2,673,,,,,,,,0.458319001730338,,5.499292988877253,,,0.004686371845112
304,1,1,Thomas J Kavanaugh VFW Post - Location 674,2,2,674,,,,,,,,0.528355267169699,,6.339795953889101,,,0.005298387087933
305,1,1,Thomas J Kavanaugh VFW Post - Location 675,2,1,675,,,,,,,,9.727884328851220,,116.736552864183395,,,0.098934169964640
306,1,1,Thomas J Kavanaugh VFW Post - Location 676,2,1,676,,,,,,,,0.417930552999187,,5.015306792144516,,,0.003976215635337
307,1,1,Thomas J Kavanaugh VFW Post - Location 677,2,1,677,,,,,,,,1.856889737401219,,22.283199089367500,,,0.019133399515689
308,1,1,Thomas J Kavanaugh VFW Post - Location 682,2,2,682,,,,,,,,0.832319878773416,,9.987718138301668,,,0.008821790637737
309,1,1,Thomas J Kavanaugh VFW Post - Location 684,2,2,684,,,,,,,,0.950285655126648,,11.403555248675525,,,0.009925438368540
310,1,1,Thomas J Kavanaugh VFW Post - Location 686,1,1,686,,,,,,,,1.900038895201974,,22.800755976073692,,,0.020366478667806
311,1,1,Thomas J Kavanaugh VFW Post - Location 687,1,2,687,,,,,,,,0.266533710533687,,3.198421233513615,,,0.002956307533653
312,1,1,Thomas J Kavanaugh VFW Post - Location 688,2,1,688,,,,,,,,1.655657178008096,,19.868298123401843,,,0.018083802484622
313,1,1,Thomas J Kavanaugh VFW Post - Location 689,2,1,689,,,,,,,,1.548760891416636,,18.585720345800674,,,0.016986635008972
314,1,1,Thomas J Kavanaugh VFW Post - Location 690,2,1,690,,,,,,,,5.630931067653972,,67.570247063105867,,,0.059698238908920
315,1,1,Thomas J Kavanaugh VFW Post - Location 691,2,1,691,,,,,,,,0.477905297718264,,5.734853809873046,,,0.004703325085261
316,1,1,Thomas J Kavanaugh VFW Post - Location 692,2,1,692,,,,,,,,0.715881012795612,,8.590673974745924,,,0.007419358684883
317,1,1,Thomas J Kavanaugh VFW Post - Location 694,1,1,694,,,,,,,,1.802281683206904,,21.627706093446871,,,0.018068103613061
318,1,1,Thomas J Kavanaugh VFW Post - Location 695,2,1,695,,,,,,,,1.660462279652232,,19.925796454056211,,,0.016357708049514
319,1,1,Thomas J Kavanaugh VFW Post - Location 712,1,2,712,,,,,,,,1.265596807967903,,15.187349255094917,,,0.013335018085439
320,1,1,Thomas J Kavanaugh VFW Post - Location 713,1,2,713,,,,,,,,0.977756866196727,,11.733017553501481,,,0.010175443885108
321,1,1,Thomas J Kavanaugh VFW Post - Location 714,2,2,714,,,,,,,,0.262422215527875,,3.149185090785752,,,0.002833098370417
322,1,1,Thomas J Kavanaugh VFW Post - Location 715,1,1,715,,,,,,,,9.786832783629606,,117.443956813553939,,,0.099497565207912
323,1,1,Thomas J Kavanaugh VFW Post - Location 716,2,2,716,,,,,,,,0.316215578218211,,3.794194532972872,,,0.003041662173466
324,1,1,Thomas J Kavanaugh VFW Post - Location 717,1,2,717,,,,,,,,0.888119316055485,,10.657528358966081,,,0.009120283593845
325,1,1,Thomas J Kavanaugh VFW Post - Location 719,1,2,719,,,,,,,,0.895739086145191,,10.748964329816234,,,0.009207498605277
326,1,1,Thomas J Kavanaugh VFW Post - Location 720,2,2,720,,,,,,,,0.367909406049075,,4.414867096221717,,,0.003985644183414
327,1,1,Thomas J Kavanaugh VFW Post - Location 721,2,2,721,,,,,,,,0.389411093354095,,4.672478408335073,,,0.003844193311500
328,1,1,Thomas J Kavanaugh VFW Post - Location 722,2,1,722,,,,,,,,0.618772512081593,,7.425203006307241,,,0.006198040025203
329,1,1,Thomas J Kavanaugh VFW Post - Location 723,1,1,723,,,,,,,,1.821576574639397,,21.859720109545108,,,0.018651353322918
330,1,1,Thomas J Kavanaugh VFW Post - Location 724,2,1,724,,,,,,,,1.861796275647962,,22.341484117751524,,,0.018807935481295
331,1,1,Thomas J Kavanaugh VFW Post - Location 725,1,1,725,,,,,,,,1.750252655620738,,21.003536490227141,,,0.017426735766207
332,1,1,Thomas J Kavanaugh VFW Post - Location 728,2,1,728,,,,,,,,5.209434603241702,,62.512382408262994,,,0.055116207116613
333,1,1,Thomas J Kavanaugh VFW Post - Location 743,1,1,743,,,,,,,,1.902239928844965,,22.827164123157228,,,0.020392237793621
334,1,1,Thomas J Kavanaugh VFW Post - Location 745,2,1,745,,,,,,,,1.636684691780709,,19.640628288673195,,,0.017862165171070
335,1,1,Thomas J Kavanaugh VFW Post - Location 746,1,1,746,,,,,,,,5.820746840024793,,69.848113893261726,,,0.061707336961891
336,1,1,Thomas J Kavanaugh VFW Post - Location 747,1,1,747,,,,,,,,1.802281683206904,,21.627706093446871,,,0.018068103613061
337,1,1,Thomas J Kavanaugh VFW Post - Location 754,1,2,754,,,,,,,,0.358142492115859,,4.297691447706445,,,0.003983279707303
338,1,1,Thomas J Kavanaugh VFW Post - Location 756,2,2,756,,,,,,,,0.459346278081546,,5.511879330850662,,,0.004322112737589
339,1,1,Thomas J Kavanaugh VFW Post - Location 757,1,1,757,,,,,,,,9.634109732962168,,115.611312786560049,,,0.098059414119875
340,1,1,Thomas J Kavanaugh VFW Post - Location 758,1,2,758,,,,,,,,0.196736343315141,,2.360864619755537,,,0.002050025866689
341,1,1,Thomas J Kavanaugh VFW Post - Location 759,2,1,759,,,,,,,,0.394972186938142,,4.739803551421147,,,0.003762829547700
342,1,1,Thomas J Kavanaugh VFW Post - Location 760,2,1,760,,,,,,,,1.910407861661982,,22.925720019602533,,,0.019785517545364
343,1,1,Thomas J Kavanaugh VFW Post - Location 761,1,1,761,,,,,,,,1.901168196017031,,22.814631755524690,,,0.019674190340131
344,1,1,Thomas J Kavanaugh VFW Post - Location 765,1,2,765,,,,,,,,1.423750233783029,,17.084727607899051,,,0.015651988809297
345,1,1,Thomas J Kavanaugh VFW Post - Location 767,1,2,767,,,,,,,,1.095398631509888,,13.144827247540665,,,0.011929223568869
346,1,1,Thomas J Kavanaugh VFW Post - Location 768,2,2,768,,,,,,,,1.072137387140314,,12.865573055523210,,,0.011042685247101
347,1,1,Thomas J Kavanaugh VFW Post - Location 770,2,2,770,,,,,,,,0.756593673512187,,9.079233845789517,,,0.007788936929701
348,1,1,Thomas J Kavanaugh VFW Post - Location 772,1,2,772,,,,,,,,0.447825384135670,,5.373936153732640,,,0.004897862214631
349,1,1,Thomas J Kavanaugh VFW Post - Location 778,2,1,778,,,,,,,,1.886943493767999,,22.644145103676305,,,0.019570320468329
350,1,1,Thomas J Kavanaugh VFW Post - Location 779,1,1,779,,,,,,,,1.845933186552478,,22.151132251750962,,,0.018665001440078
351,1,1,Thomas J Kavanaugh VFW Post - Location 788,2,2,788,,,,,,,,0.569446550790347,,6.833295290154524,,,0.006373510770889
352,1,1,Thomas J Kavanaugh VFW Post - Location 791,1,2,791,,,,,,,,0.903845764282360,,10.846284739032606,,,0.009177596181024
353,1,1,Thomas J Kavanaugh VFW Post - Location 792,1,2,792,,,,,,,,0.323485368233767,,3.881779828530584,,,0.003578968852141
354,1,1,Thomas J Kavanaugh VFW Post - Location 793,1,2,793,,,,,,,,0.896032402014478,,10.752520696828974,,,0.009104447655249
355,1,1,Thomas J Kavanaugh VFW Post - Location 794,1,2,794,,,,,,,,0.422164658224432,,5.065521186779125,,,0.004149038725137
356,1,1,Thomas J Kavanaugh VFW Post - Location 795,1,2,795,,,,,,,,0.204506385816236,,2.454150420416894,,,0.002234507671786
357,1,1,Thomas J Kavanaugh VFW Post - Location 796,1,1,796,,,,,,,,9.732697058053239,,116.794305614607623,,,0.098979066723425
358,1,1,Thomas J Kavanaugh VFW Post - Location 797,1,2,797,,,,,,,,0.219261291330865,,2.631155618464712,,,0.002256773772112
359,1,1,Thomas J Kavanaugh VFW Post - Location 798,1,2,798,,,,,,,,0.186156844080152,,2.233914563663408,,,0.001952920283217
360,1,1,Thomas J Kavanaugh VFW Post - Location 806,1,2,806,,,,,,,,1.317539710786045,,15.810600224466276,,,0.014215964938474
361,1,1,Thomas J Kavanaugh VFW Post - Location 808,2,2,808,,,,,,,,0.808722649132175,,9.704659059218182,,,0.008673787155400
362,1,1,Thomas J Kavanaugh VFW Post - Location 810,1,2,810,,,,,,,,0.409714973097606,,4.916124965257207,,,0.004033166256633
363,1,1,Thomas J Kavanaugh VFW Post - Location 811,2,2,811,,,,,,,,0.418321029059619,,5.019397636801362,,,0.004113264774107
364,1,1,Thomas J Kavanaugh VFW Post - Location 812,2,2,812,,,,,,,,0.436754967216451,,5.240604894683349,,,0.004284834481718
365,1,1,Thomas J Kavanaugh VFW Post - Location 813,2,1,813,,,,,,,,1.821576574639397,,21.859720109545108,,,0.018651353322918
366,1,1,Thomas J Kavanaugh VFW Post - Location 814,1,1,814,,,,,,,,1.662055103181957,,19.944909480720170,,,0.016368882360121
367,1,1,Thomas J Kavanaugh VFW Post - Location 821,2,2,821,,,,,,,,1.118700341222920,,13.424471001961436,,,0.012069606162286
368,1,1,Thomas J Kavanaugh VFW Post - Location 830,2,2,830,,,,,,,,0.904223071067097,,10.850770734586979,,,0.009304606980640
369,1,1,Thomas J Kavanaugh VFW Post - Location 831,1,1,831,,,,,,,,5.739782702178808,,68.876585828748603,,,0.060841568905110
370,1,1,Thomas J Kavanaugh VFW Post - Location 832,2,1,832,,,,,,,,0.438702414953987,,5.264571712356585,,,0.004169281062187
371,1,1,Thomas J Kavanaugh VFW Post - Location 833,2,1,833,,,,,,,,0.508898557964387,,6.106739320614781,,,0.004991385644050
372,1,1,Thomas J Kavanaugh VFW Post - Location 844,2,2,844,,,,,,,,1.074125089173776,,12.889423764540043,,,0.011065976774447
373,1,1,Thomas J Kavanaugh VFW Post - Location 847,1,2,847,,,,,,,,0.933230385572660,,11.198894189791599,,,0.009738806011888
374,1,1,Thomas J Kavanaugh VFW Post - Location 851,1,2,851,,,,,,,,0.427106303565971,,5.125345973247571,,,0.004539821331330
375,1,1,Thomas J Kavanaugh VFW Post - Location 853,2,2,853,,,,,,,,0.202918891710581,,2.435099419423054,,,0.002216032480133
376,1,1,Thomas J Kavanaugh VFW Post - Location 854,1,2,854,,,,,,,,0.310434058632675,,3.724847503345816,,,0.002942234472387
377,1,1,Thomas J Kavanaugh VFW Post - Location 855,2,1,855,,,,,,,,9.687431377368252,,116.251149320249795,,,0.098589493985989
378,1,1,Thomas J Kavanaugh VFW Post - Location 856,1,1,856,,,,,,,,9.605641039314584,,115.269767855774703,,,0.097848884240166
379,1,1,Thomas J Kavanaugh VFW Post - Location 859,1,2,859,,,,,,,,1.198687651779829,,14.384360953419225,,,0.012992050679694
380,1,1,Thomas J Kavanaugh VFW Post - Location 861,1,2,861,,,,,,,,0.896454635719600,,10.757550805426034,,,0.009215689415573
381,1,1,Thomas J Kavanaugh VFW Post - Location 864,2,2,864,,,,,,,,0.341747911160703,,4.101042072600312,,,0.003675719914714
382,1,1,Thomas J Kavanaugh VFW Post - Location 867,1,2,867,,,,,,,,0.474798495687648,,5.697127236337716,,,0.004638913785120
383,1,1,Thomas J Kavanaugh VFW Post - Location 868,1,1,868,,,,,,,,9.604383130213836,,115.254646597332169,,,0.097782135466525
384,1,1,Thomas J Kavanaugh VFW Post - Location 869,2,2,869,,,,,,,,0.216563915278407,,2.598506933523244,,,0.002070424218365
385,1,1,Thomas J Kavanaugh VFW Post - Location 870,2,1,870,,,,,,,,1.926898305936279,,23.123641904983604,,,0.020104967069768
386,1,1,Thomas J Kavanaugh VFW Post - Location 874,1,2,874,,,,,,,,1.223885170229600,,14.686734262274696,,,0.013251529145967
387,1,1,Thomas J Kavanaugh VFW Post - Location 877,1,2,877,,,,,,,,0.977756866196727,,11.733017553501481,,,0.010175443885108
388,1,1,Thomas J Kavanaugh VFW Post - Location 879,1,2,879,,,,,,,,0.815724141026960,,9.788653865645669,,,0.008817121253286
389,1,1,Thomas J Kavanaugh VFW Post - Location 881,2,2,881,,,,,,,,0.515654320666446,,6.187373765135820,,,0.005180884326064
390,1,1,Thomas J Kavanaugh VFW Post - Location 883,1,1,883,,,,,,,,9.718688618475033,,116.626204339669158,,,0.098848386740309
391,1,1,Thomas J Kavanaugh VFW Post - Location 884,2,1,884,,,,,,,,10.295724835611754,,123.550812664428719,,,0.104719287475316
392,1,1,Thomas J Kavanaugh VFW Post - Location 885,2,2,885,,,,,,,,0.472652502399529,,5.671375316880287,,,0.004618940729568
393,1,1,Thomas J Kavanaugh VFW Post - Location 886,1,2,886,,,,,,,,0.354714876236448,,4.256242648074340,,,0.003352581827407
394,1,1,Thomas J Kavanaugh VFW Post - Location 887,2,1,887,,,,,,,,1.263532606002868,,15.162998347341070,,,0.014195702320303
395,1,1,Thomas J Kavanaugh VFW Post - Location 888,1,2,888,,,,,,,,0.266616392803608,,3.199059525592499,,,0.002535460140500
396,1,1,Thomas J Kavanaugh VFW Post - Location 889,2,1,889,,,,,,,,9.611220907549317,,115.336723328126411,,,0.097914418510260
397,1,1,Thomas J Kavanaugh VFW Post - Location 891,2,1,891,,,,,,,,1.752378853080379,,21.029049603186838,,,0.017451786114565
398,1,1,Thomas J Kavanaugh VFW Post - Location 900,2,2,900,,,,,,,,0.459346278081546,,5.511879330850662,,,0.004322112737589
399,1,1,Thomas J Kavanaugh VFW Post - Location 901,1,2,901,,,,,,,,0.462443605593563,,5.548868555208694,,,0.004523924099124
400,1,1,Thomas J Kavanaugh VFW Post - Location 902,2,2,902,,,,,,,,0.191602197852205,,2.299018130806986,,,0.001838511290108
401,1,1,Thomas J Kavanaugh VFW Post - Location 903,2,1,903,,,,,,,,6.089845076035706,,73.077312202661972,,,0.064718385173648
402,1,1,Thomas J Kavanaugh VFW Post - Location 909,2,2,909,,,,,,,,1.319268909091007,,15.831725900364127,,,0.014509207380878
403,1,1,Thomas J Kavanaugh VFW Post - Location 911,1,1,911,,,,,,,,1.897969259439125,,22.775924349438302,,,0.020342257107015
404,1,1,Thomas J Kavanaugh VFW Post - Location 912,2,2,912,,,,,,,,0.348059891209408,,4.176678712893227,,,0.003805164137560
405,1,1,Thomas J Kavanaugh VFW Post - Location 913,2,1,913,,,,,,,,1.622791163782970,,19.473888892456646,,,0.017732452549917
406,1,1,Thomas J Kavanaugh VFW Post - Location 914,2,2,914,,,,,,,,0.328024822885082,,3.935891717307593,,,0.003178342185354
407,1,1,Thomas J Kavanaugh VFW Post - Location 915,2,1,915,,,,,,,,9.618824123203794,,115.427912744897043,,,0.097916836095521
408,1,1,Thomas J Kavanaugh VFW Post - Location 916,2,1,916,,,,,,,,0.340822152975753,,4.089977701416935,,,0.003303955668948
409,1,1,Thomas J Kavanaugh VFW Post - Location 920,2,1,920,,,,,,,,1.783220471949430,,21.399078776166753,,,0.017815150426845
410,1,1,Thomas J Kavanaugh VFW Post - Location 931,1,2,931,,,,,,,,0.342336472156425,,4.108010998339990,,,0.003821203803748
411,1,1,Thomas J Kavanaugh VFW Post - Location 932,1,2,932,,,,,,,,0.421996789437548,,5.063445683944880,,,0.004265969898272
412,1,1,Thomas J Kavanaugh VFW Post - Location 933,1,2,933,,,,,,,,0.960474556026790,,11.525842884229640,,,0.009748594304068
413,1,1,Thomas J Kavanaugh VFW Post - Location 934,2,2,934,,,,,,,,0.492140668555478,,5.905189888570485,,,0.004963348749451
414,1,1,Thomas J Kavanaugh VFW Post - Location 935,1,2,935,,,,,,,,0.346394014570711,,4.156300626918915,,,0.003390947110544
415,1,1,Thomas J Kavanaugh VFW Post - Location 936,2,2,936,,,,,,,,0.330597967560674,,3.966777675592555,,,0.003208142979872
416,1,1,Thomas J Kavanaugh VFW Post - Location 937,2,1,937,,,,,,,,1.856889737401219,,22.283199089367500,,,0.019133399515689
417,1,1,Thomas J Kavanaugh VFW Post - Location 938,2,1,938,,,,,,,,0.822637297366644,,9.871774132278006,,,0.008593544995874
418,1,1,Thomas J Kavanaugh VFW Post - Location 950,1,2,950,,,,,,,,0.759359525869236,,9.112421430487620,,,0.007814606640323
419,1,1,Thomas J Kavanaugh VFW Post - Location 951,2,2,951,,,,,,,,0.355742547285625,,4.268864791060319,,,0.003872827960751
420,1,1,Thomas J Kavanaugh VFW Post - Location 952,1,1,952,,,,,,,,10.295994666119348,,123.554050418084756,,,0.104722471014983
421,1,1,Thomas J Kavanaugh VFW Post - Location 953,2,2,953,,,,,,,,0.267351219179470,,3.207876649196042,,,0.002542286870964
422,1,1,Thomas J Kavanaugh VFW Post - Location 954,2,1,954,,,,,,,,9.625263044660503,,115.505168312852277,,,0.097975511013767
423,1,1,Thomas J Kavanaugh VFW Post - Location 955,1,1,955,,,,,,,,0.619404053855746,,7.432970716581453,,,0.006391981990041
424,1,1,Thomas J Kavanaugh VFW Post - Location 969,1,2,969,,,,,,,,0.977756866196727,,11.733017553501481,,,0.010175443885108
425,1,1,Thomas J Kavanaugh VFW Post - Location 972,1,2,972,,,,,,,,0.540905855714143,,6.490413718919125,,,0.005414497976370
426,1,1,Thomas J Kavanaugh VFW Post - Location 973,1,2,973,,,,,,,,0.334059691150465,,4.008368610011751,,,0.003161171871627
427,1,1,Thomas J Kavanaugh VFW Post - Location 974,2,2,974,,,,,,,,0.344676047263594,,4.135702848742640,,,0.003371091536770
428,1,1,Thomas J Kavanaugh VFW Post - Location 975,1,1,975,,,,,,,,0.790729744846349,,9.488596321221316,,,0.008405194615821
429,1,1,Thomas J Kavanaugh VFW Post - Location 977,2,1,977,,,,,,,,1.778350204436635,,21.340690470719416,,,0.017757774817151
430,1,1,Thomas J Kavanaugh VFW Post - Location 983,1,2,983,,,,,,,,0.791011301694234,,9.492209224325046,,,0.008112819462081
431,1,1,Thomas J Kavanaugh VFW Post - Location 984,1,2,984,,,,,,,,0.358497002030361,,4.301966038593941,,,0.003903625783509
432,1,1,Thomas J Kavanaugh VFW Post - Location 985,2,2,985,,,,,,,,0.456754601489673,,5.480777729024983,,,0.004298149183659
433,1,1,Thomas J Kavanaugh VFW Post - Location 986,2,2,986,,,,,,,,0.319638687745643,,3.835588893182365,,,0.003384127259182
434,1,1,Thomas J Kavanaugh VFW Post - Location 987,1,1,987,,,,,,,,10.135582692627130,,121.629153915797588,,,0.103042843171747
435,1,1,Thomas J Kavanaugh VFW Post - Location 988,2,1,988,,,,,,,,5.645517089991361,,67.745274228916728,,,0.059847935180092
436,1,1,Thomas J Kavanaugh VFW Post - Location 989,2,2,989,,,,,,,,0.212843921231701,,2.554012886133627,,,0.002196831046185
437,1,1,Thomas J Kavanaugh VFW Post - Location 991,1,1,991,,,,,,,,5.310273507295535,,63.722406233054237,,,0.056472895537486
